sensor_type,energy_efficiency_ratio,energy_consumption,data_size_bytes,transmission_duration,bytes_per_duration,performance_score,anomaly,anomaly_score,is_anomaly
ECG,1531.670032493246,123.1993941811405,339.46339367881467,2.4041677639819286,141.19788093180935,1755.435278819809,1,-0.4778434234388643,0
ECG,1439.014611437402,65.59945203362027,123.23344486727979,8.795585311974417,14.010829353165192,307.3468989836633,1,-0.4629444740475986,0
ECG,1689.6271548260231,52.05844942958024,487.96394086479773,8.491983767203795,57.46171380464997,1864.9973841136125,-1,-0.5345185335104519,1
ECG,1571.1733082432634,71.23391106782762,172.72998688284025,2.650640588680904,65.16537459678743,1437.3224164352825,1,-0.4384955830065691,0
ECG,1494.496892704644,93.19450186421157,216.49165607921677,6.506676052501415,33.272235213859936,533.5642247748002,1,-0.4051779011088314,0
ECG,1180.006059979779,63.94938606520418,216.85785941408727,4.297256589643226,50.46425664614354,931.1759239425324,1,-0.4728483509327065,0
ECG,1673.0560027122642,69.96737821583598,305.69377536544465,6.331731119758382,48.27965205463587,1154.4603176310818,1,-0.4632553165653625,0
ECG,1426.2449480093053,54.64504127199977,343.01794076057536,2.5347171131856236,135.32789871350639,3532.0813631401265,1,-0.5226169038577699,0
ECG,1371.5454030057379,118.42330265121569,276.0609974958405,2.0983441136030097,131.56135626478522,1523.706646905561,1,-0.44790270940748567,0
ECG,1416.626339723915,99.51769101112703,113.75540844608736,9.18388361870904,12.386416593340687,176.31964550863492,1,-0.4769527302986672,0
ECG,1579.2149310291852,81.1711076089411,308.0272084711243,5.920392514089517,52.028173425676165,1012.2280048689793,1,-0.4218923552990494,0
ECG,1281.0457154398784,68.4854455525527,487.83385110582344,7.976195410250031,61.16122111037037,1144.0433747983495,1,-0.4223438930830596,0
ECG,1566.9463048863504,58.84925020519195,178.3931449676581,1.4070456001948426,126.78561728415544,3375.8502244879087,-1,-0.5340015241368861,1
ECG,1484.1958882229594,82.53303307632643,255.4709158757928,3.442141285965063,74.21860250694712,1334.677044627622,1,-0.4099891407159586,0
ECG,1391.9740511803188,78.09345096873807,317.0784332632994,2.2683180247728636,139.7857045618856,2491.6055195716153,1,-0.4723463398498644,0
ECG,1613.4442181276381,130.21969807540398,129.82025747190832,9.881982429404655,13.137066211089126,162.77048583823444,1,-0.5227542800825518,0
ECG,1360.414218637355,50.55221171236024,426.18457138193367,7.361716094628554,57.89201402277622,1557.9361684561359,1,-0.47304177228805283,0
ECG,1548.4451923913707,122.90071680409874,408.5081386743783,1.6664018656068134,245.14383181251526,3088.60515776771,-1,-0.5838546127366762,1
ECG,1336.7322182288758,136.31034258755935,349.3192507310232,3.9780822236738427,87.81096797150148,861.1213776824801,1,-0.42947143689611117,0
ECG,1414.0700393281668,56.355835028602364,224.3929286862649,3.9266498982407234,57.146151172479314,1433.90050373503,1,-0.4356098858203615,0
ECG,1577.752955477939,138.72127425763267,288.8859700647797,2.0763482134447155,139.1317545844155,1582.4215728346708,1,-0.5014868173626683,0
ECG,1657.091188729026,121.3244787222995,404.31401944675895,6.051494778125466,66.81225618970142,912.5446257591153,1,-0.4691725676005247,0
ECG,1453.9623001991151,102.2732829381994,271.0164073434198,1.2287721406968566,220.558717411775,3135.560440460003,1,-0.5315926799332534,0
ECG,1687.501237612724,60.78914269933044,112.5716742746937,6.727693701374023,16.732580178509426,464.4949493587742,1,-0.522360790607394,0
ECG,1472.579640751284,140.7566473926093,199.71689165954996,4.693446307320667,42.55229070119302,445.1771061236373,1,-0.4365024097367295,0
ECG,1169.1659315503523,125.55511385430486,191.51926619664897,1.6928191884591368,113.13628029640691,1053.5220787453022,1,-0.48996655182277615,0
ECG,1341.215421959429,142.9697652342573,423.2481518257668,6.700633808593811,63.165390605726785,592.5616222120818,1,-0.45818627323876054,0
ECG,1385.9741139571881,137.14605901877178,421.4688307596458,2.6791305299743224,157.31552682641606,1589.803232151985,1,-0.48083931201407953,0
ECG,1473.3554589233167,130.74401551640625,458.4365199693973,3.8620312747467747,118.70347165934228,1337.6704644695192,1,-0.46127328285125097,0
ECG,1600.5337083735687,61.00519245276767,191.17406501677667,4.843970097636307,39.46640073398949,1035.4414465922034,1,-0.4546150784204417,0
ECG,1502.399574708986,50.69521305311907,304.2989210310263,4.7566990283390105,63.97270864061464,1895.8904493395337,1,-0.48369441879848857,0
ECG,1497.2829242612174,72.21078104707303,147.94614693347313,4.038536542632651,36.63360362638433,759.5939050732976,1,-0.4034245397366477,0
ECG,1435.6553502394077,101.87906217433661,381.2075835580711,4.272666421413646,89.22006680595148,1257.2678185778134,1,-0.41012751541906645,0
ECG,1518.1486969755206,147.17820827209607,484.9789179768445,3.2660406624282774,148.49139006624193,1531.6942160647925,1,-0.5242602411837223,0
ECG,1179.204823034779,78.48404943774676,114.75477894181311,6.486079005819072,17.69247319356723,265.82534757991186,1,-0.48876625387422656,0
ECG,1455.3211218083259,100.26790232288616,120.59150049999573,3.507818178129503,34.37792222295271,498.97240468675244,1,-0.40068415239911576,0
ECG,1431.1208803801035,64.4894872091223,295.78110411102523,9.870854086995406,29.965097397266682,664.9715856600233,1,-0.4211498774084338,0
ECG,1503.1914866459786,74.20552715115004,368.8542189623514,7.854576537958458,46.96042074067345,951.2836493015811,1,-0.39761505154357635,0
ECG,1574.6165906805745,86.77831327192533,352.92233223743176,6.7017673968480524,52.66108346335874,955.5499822263298,1,-0.4242234507616332,0
ECG,1326.4930919838066,103.57746840747585,136.11590802176332,8.51772246030314,15.980317350809647,204.65629156107067,1,-0.4528173206057452,0
ECG,1314.6519299732552,54.07751415547639,336.35717727529675,7.098079256580542,47.38706981377591,1152.003818210809,1,-0.4399348415683709,0
ECG,1376.5564015940931,51.65878289278562,304.8372233197124,3.0384619767814414,100.32616029068036,2673.4005422101823,1,-0.48681518033501797,0
ECG,1304.1797043968006,119.09377381024659,254.69413852021495,9.43056989863061,27.007290254770123,295.7531589950694,1,-0.4208069576284224,0
ECG,1528.2961338858552,63.75209441459933,236.4265404201034,2.021261691165302,116.96978251430586,2804.056369278209,1,-0.49421822405094695,0
ECG,1577.8976188413649,131.7222200201216,322.0803246397849,5.766855205204059,55.850253418732784,669.0289752757228,1,-0.44546306281243964,0
ECG,1279.5835098102737,74.18522909004517,137.2411071223597,9.074941821579941,15.123083962478352,260.85042930008603,1,-0.46214252073690815,0
ECG,1497.1118374539358,83.90297910487007,239.68382984506437,7.533601109832154,31.81530669738425,567.6922652454034,1,-0.4128089315865044,0
ECG,1573.2728116268734,139.71102599525773,454.8345697060469,8.018879912718614,56.72046154284482,638.7238184859826,1,-0.45295951726019373,0
ECG,1359.9614726519883,66.16287140946137,459.4216754108317,6.457861536936309,71.14145646869771,1462.2950583118454,1,-0.4276487744383731,0
ECG,1493.0802272360365,50.91970516166297,140.58861714641284,6.971515921972502,20.166147322896034,591.316774748616,1,-0.46798977169568423,0
ECG,1731.4419508917317,115.19612595026005,189.7077237842239,7.409612992127823,25.602919340831246,384.82169644449255,1,-0.5074033243310055,0
ECG,1528.3312259865272,73.72490874968001,230.1598792637071,7.718422646062217,29.819548607011043,618.1648516603398,1,-0.42004834369474575,0
ECG,1599.7648814032023,115.76128923003434,327.32344133418866,1.8430729104528323,177.5965776925055,2454.298582363684,-1,-0.5360027236448759,1
ECG,1519.422580077647,86.77158030594336,206.08094707269018,3.195906790411752,64.48277768643537,1129.1322354329197,1,-0.40630706927807375,0
ECG,1447.9393956640033,139.20465551771133,352.45545039890516,8.153301731874835,43.22855476095066,449.64248661953263,1,-0.4309783418522166,0
ECG,1508.9705550132699,100.2637093105192,330.76155385054363,5.432659244369775,60.88391319469075,916.3039440346483,1,-0.4033290890771751,0
ECG,1550.486753718522,78.07723624408558,109.72638657258153,6.80925066316451,16.114311544757793,320.0039832010966,1,-0.46691512652445477,0
ECG,1334.1144265252924,67.7110679407049,476.18343374116574,9.585357193023286,49.67821481788456,978.8122546021739,1,-0.4110977389981922,0
ECG,1426.5825338280372,51.54566165288674,471.32742503509013,4.8536573348558285,97.1076844775014,2687.561322017276,1,-0.49470983600065777,0
ECG,1563.376238097424,146.66548190436697,485.44799083570115,8.677085099206241,55.94597555348498,596.3544227436485,1,-0.4873494817945843,0
ECG,1335.6267074531766,135.1136671516857,226.76880206251107,2.5254347201748324,89.7939670548333,887.632044151129,1,-0.43043405441431265,0
ECG,1238.1450078210632,105.68012624583501,474.4619096643124,7.264268170074757,65.3144815907078,765.222395096663,1,-0.42262654160846663,0
ECG,1330.2184067669668,111.50072266991697,496.0215400417053,2.260756137128716,219.4051502926272,2617.532536741744,1,-0.5237461793923947,0
ECG,1481.6214137344655,101.83296523637367,450.94922877118216,7.66691755978784,58.81753980717916,855.7673468430887,1,-0.4014000331065089,0
ECG,1617.2277543528933,85.94911512197552,217.43673770579733,8.284250399306622,26.24700210944812,493.8664024605584,1,-0.45216921824881573,0
ECG,1612.9597416308811,131.01133946791808,446.8289274320415,9.219164973008242,48.467396856468206,596.7114009262839,1,-0.4543392830676459,0
ECG,1534.3452433380924,129.82951789667752,359.98557231110607,7.31770189531933,49.1938012043598,581.3799211647602,1,-0.43797010173751894,0
ECG,2021.3767263848463,129.5792669436101,456.00213672702654,4.041956411663822,112.81718313714295,1759.895959505297,-1,-0.6149833273171558,1
ECG,1346.420117519892,107.8280140996174,114.37690951869683,5.190382163192141,22.03631754320645,275.1617147360128,1,-0.42365235727229467,0
ECG,1424.6336657231047,104.26446347075766,214.61650085131376,6.317499345121097,33.97174880865775,464.17825810685986,1,-0.40527239413046345,0
ECG,1390.3261740758717,62.70605126518848,308.89730402192174,7.9299419778874976,38.9532867810731,863.6769990343103,1,-0.4262815566397776,0
ECG,1618.088582158881,71.58210274968431,349.15619032760014,1.768127184943912,197.47232738728349,4463.793405944799,-1,-0.5767616585945332,1
ECG,1465.8397973069248,104.06351216101065,354.9719605992826,7.534822003503954,47.1108621324045,663.6041314103541,1,-0.40041185644973104,0
ECG,1364.1091288777068,147.58520794625346,306.52013932047817,3.9066082564712135,78.46195963281808,725.212756035408,1,-0.485038822507822,0
ECG,1362.6227808474616,93.8971420705636,131.3825525369064,1.2281566907391177,106.9753994157203,1552.412704154221,1,-0.4282004409160281,0
ECG,1583.5762197801303,146.2648414677925,434.3920482048823,7.263767854843282,59.80257861837387,647.4689366989256,1,-0.4931767112591845,0
ECG,1284.0439485788283,65.6437042671086,200.09715926583812,5.943039982355084,33.66915919460875,658.5959857118655,1,-0.42341213722415266,0
ECG,1410.3799141673246,121.45959227000624,364.0789506870925,3.5194050725134858,103.44900435887448,1201.242282816343,1,-0.4260476889334228,0
ECG,1768.8529101118866,91.96000624277899,199.09239580046298,4.2037541078613545,47.36061879265116,910.982630372091,1,-0.518614259795875,0
ECG,1609.846298354363,125.78461104643691,105.75739545190234,2.0446537645622462,51.72386507920311,661.9845785713413,1,-0.4452557102827448,0
ECG,1523.9516871356695,97.41738290873252,139.1336642604006,5.4245428760514915,25.648919630565363,401.2396266159953,1,-0.42548345724519226,0
ECG,1572.2238264423554,97.34717707805657,169.28074796400608,4.904664843141758,34.51423356699144,557.4285972556709,1,-0.4269252817381357,0
ECG,1697.3898250584004,113.50936508676438,118.1216039088178,4.371513531638241,27.020756782274283,404.06144103221783,1,-0.4887673391250891,0
ECG,1250.5052002693624,112.58599157142365,301.2545034320351,8.7084085706949,34.59351969839836,384.23409231178084,1,-0.4169163853710975,0
ECG,1315.969239147734,57.056874740042986,356.96771128252624,1.2386017948745964,288.2021588856714,6647.142478053393,-1,-0.6584286483445815,1
ECG,1526.6196768610223,108.57755812734632,476.092096569983,6.179267600882911,77.04668697338138,1083.2900499803359,1,-0.41542452737647967,0
ECG,1690.6199877951137,95.82528904915166,318.24671572637396,9.473183278988726,33.59448522781533,592.6985326044795,1,-0.47427601568548916,0
ECG,1278.569200226685,88.61026378007742,484.4762255295657,9.148155777604574,52.95889546564158,764.1508977836701,1,-0.404309361779092,0
ECG,1500.1920523480283,57.1188648460229,227.59025211750452,8.60387779872509,26.452055391956925,694.7470572858673,1,-0.43934443615156493,0
ECG,1368.3263087672988,52.32719357358258,425.7873930355743,3.5366929729605996,120.3913928324809,3148.16635312521,1,-0.5085902750549116,0
ECG,1511.285342696534,112.8942846779884,450.98880541082116,7.615639394234972,59.21877101379289,792.745716941481,1,-0.4108668784940649,0
ECG,1358.0813247691606,130.34809303848488,212.8138290285226,2.5969558940175053,81.94741755867807,853.800426268167,1,-0.4228334028929245,0
ECG,1568.2343355659814,149.0505142000673,265.0470707645706,4.348162772135049,60.956105981843535,641.3494034298526,1,-0.4972267839586865,0
ECG,1548.2546187617859,127.64129607419969,236.32141610120715,9.376815930432082,25.20273596650601,305.7024142319401,1,-0.44545370851558297,0
ECG,1427.4261765062872,125.08710677914974,401.81714963387293,1.9281148195233935,208.3989737360129,2378.135988012282,1,-0.524174725602869,0
ECG,1619.522419465119,140.25529066795667,302.10094897914286,8.438117194969674,35.801938038883634,413.40359453206656,1,-0.46865787852695623,0
ECG,1558.69989561839,88.92016787341632,104.33506059211935,9.148437787773373,11.404686025362734,199.9150849849878,1,-0.48805192459689506,0
ECG,1413.9161851446395,59.128667678613354,227.72545503616595,9.550557703457244,23.844204925721847,570.1753242543937,1,-0.4352519403754556,0
ECG,1473.3435542157724,113.18372121697993,279.3782087913279,3.638896945282581,76.77552098679524,999.4080222066656,1,-0.4183080299411242,0
ECG,1546.0347179947291,82.8664545369916,369.00738243081537,7.77137076493912,47.482920786073976,885.8861460555622,1,-0.40734757677989786,0
BodyTemperature,1417.5019383505496,59.12061030486903,297.7681218810326,1.5180288401497986,196.15445636174405,4703.086126395603,-1,-0.5528286939000313,1
BodyTemperature,1418.065742882568,104.95288823237355,276.6122005493508,8.989337644824698,30.77114371252934,415.7627817868329,1,-0.4081574054373542,0
BodyTemperature,1224.0896875123528,64.29916820528359,404.6042526869889,6.56396256984635,61.64024373716987,1173.470649783886,1,-0.44501920028653863,0
BodyTemperature,1291.3497368491326,60.11226761227903,133.64272244599897,7.30872218313208,18.28537452886569,392.8118922137483,1,-0.4527994800787991,0
BodyTemperature,1271.3826561494866,58.48377140851919,494.65583140047016,4.368437161805083,113.23404986237075,2461.6026568288908,1,-0.47807941456490255,0
BodyTemperature,1365.1907987920679,87.06421470668909,425.119826903001,9.525237196454729,44.63089140302245,699.824635076081,1,-0.3989830028694748,0
BodyTemperature,1238.3730166678363,127.71469159274368,323.361699894322,4.817998083222786,67.11536499367462,650.7775728497471,1,-0.44469903585786347,0
BodyTemperature,1305.7512406771502,140.6354385094736,144.47899292246052,5.433625938617732,26.589793731589616,246.87700712103117,1,-0.4492857461432749,0
BodyTemperature,1331.7599218564874,55.63032756818374,147.52716650722877,2.057736220993944,71.69391538239486,1716.3135167633002,1,-0.45645553795897886,0
BodyTemperature,1295.7162984193585,114.92103021160635,398.41795170616933,6.250318885874437,63.74361996258845,718.6991550083925,1,-0.41552196213367876,0
BodyTemperature,1319.7188947124407,78.57120862818607,447.4396512757841,3.0123625466750736,148.53446235070552,2494.854538992793,1,-0.47792179878302676,0
BodyTemperature,1387.827583097607,146.32225394406112,104.86178987592653,9.728909440368751,10.77837043490375,102.22997108916736,-1,-0.551779678307722,1
BodyTemperature,1364.1290912005913,57.37965647353989,321.5417137605283,9.72372282057189,33.06775806898383,786.1443155116377,1,-0.4261050483866304,0
BodyTemperature,1335.9101158895094,102.30978441701488,351.759455254105,7.261738200861554,48.440117988881944,632.506890762901,1,-0.3978026813608299,0
BodyTemperature,1621.5140630285644,108.43143119231001,460.46320419639557,1.409017423073121,326.79738139228095,4887.019786252475,-1,-0.6482643487179387,1
BodyTemperature,1231.8481861167877,78.09631895922303,480.1645936306235,9.012374055018247,53.27836935077716,840.38356120579,1,-0.4174818216835659,0
BodyTemperature,1626.4000767587015,77.73811829811326,175.24846388950454,5.173285644459839,33.875659674269315,708.7305005660324,1,-0.4429567043084232,0
BodyTemperature,1226.3844178730596,85.33522280260527,333.4624447403488,1.6996117326848634,196.1991896899775,2819.6519694065073,1,-0.5322770363760103,0
BodyTemperature,1379.828107556116,80.95276162863277,425.51800788277944,7.162580552984913,59.40847781536646,1012.6089075603915,1,-0.41040582172899215,0
BodyTemperature,1584.5543418807013,66.26169393448913,464.370873797537,8.402835186308522,55.26359419189576,1321.5504000135802,1,-0.42696075696699687,0
BodyTemperature,1158.0805248196848,143.2728483354013,446.42555580016335,1.4069680309557047,317.29616165970873,2564.7183656036286,-1,-0.6605876286464227,1
BodyTemperature,1578.5887229165855,52.6366974497252,250.58534675121984,8.294979977036496,30.209276869254744,905.9843436951678,1,-0.475380607580444,0
BodyTemperature,1105.6584517251079,146.99143978146031,436.8475692542835,8.54495834240024,51.12342878099683,384.54655044480455,1,-0.530086543151202,0
BodyTemperature,1514.867713778272,96.86931597949703,265.9278009350661,3.4606636473763563,76.8430070159158,1201.6910533639602,1,-0.41272231328825293,0
BodyTemperature,1334.9296301474992,126.89874151805105,477.90629195297123,8.646826516096702,55.26955942313791,581.4161089111317,1,-0.42728955173778965,0
BodyTemperature,1340.4982917618731,74.73481017431976,280.2176541240374,2.162434736363455,129.58432891032663,2324.319432112382,1,-0.4657502597356142,0
BodyTemperature,1350.2802040698966,72.86428055034628,368.68027376234267,6.5631541641210625,56.174251669694904,1040.989898412836,1,-0.40980013335241827,0
BodyTemperature,1402.8679725566205,85.81627180328405,145.42303687985162,7.044158760335196,20.64448599578861,337.48247977695536,1,-0.4203808455923699,0
BodyTemperature,1541.1893500301417,102.01635011119933,440.87260012741604,5.9671615489703695,73.88313463768856,1116.1730460492947,1,-0.41332868109157545,0
BodyTemperature,1349.6636567312562,106.09379715353862,450.66144106333803,4.631345795911574,97.30680042530396,1237.8805887847695,1,-0.4225758718439597,0
BodyTemperature,1420.3379953214992,120.40797680992236,185.1856646035643,2.2273432802809277,83.14195043173024,980.7462456556437,1,-0.4176087530139398,0
BodyTemperature,1516.8369283006386,51.45446656678819,240.23502352263878,6.309259181691698,38.07658183067773,1122.4674800440414,1,-0.45927862326086266,0
BodyTemperature,1176.3560994645943,140.41586944937484,239.30218680932015,5.625905402438297,42.53576441324543,356.35007716097624,1,-0.47203535375256084,0
BodyTemperature,1062.149525146714,128.3653012741143,258.61711292850805,6.598780302050861,39.19165377397569,324.2885424064138,1,-0.5120750133839699,0
BodyTemperature,1106.9596047939172,95.91357562382613,492.0130301141908,5.4335628459358265,90.55072041399221,1045.0657170409715,1,-0.4907417694629683,0
BodyTemperature,1326.8186593701164,82.87516102875082,353.3603417266903,3.1613105690037377,111.77653508369127,1789.5252399851108,1,-0.4404548429999063,0
BodyTemperature,1383.1426377889798,68.18800843991448,238.26691332954528,9.071095689154106,26.26660786022025,532.7984511172116,1,-0.42029731466954934,0
BodyTemperature,1208.8284192688452,97.39616402628724,367.0230954084109,2.5508788408146685,143.88103799206533,1785.7734897214837,1,-0.4815406993122874,0
BodyTemperature,1263.4814377838939,67.70104842767468,135.48101350282224,2.085722839905407,64.95638390236292,1212.2587054745109,1,-0.42272873085904233,0
BodyTemperature,1228.4425281010613,96.07787680327257,182.533487362317,4.278428749432679,42.66367352419296,545.4936423028109,1,-0.42060692668235933,0
BodyTemperature,1596.3695214091035,53.931213984109895,419.76415956361706,6.6511035054181695,63.11195716946305,1868.1204708555642,1,-0.4941728677564457,0
BodyTemperature,1338.9349688947239,58.17590319488719,449.4314496427109,9.287851604786319,48.38917208917344,1113.6905671926547,1,-0.4274732366679368,0
BodyTemperature,1319.2428546261003,130.62012797930612,399.30387615346336,2.6606891742073957,150.07535642430452,1515.7376177857939,1,-0.4694511333150587,0
BodyTemperature,1304.7475731214788,70.93493233367103,248.1888411165528,5.360706866719192,46.29778260351828,851.582112022015,1,-0.41012373647064987,0
BodyTemperature,1132.0686629082825,96.25347161331479,398.9883752535026,1.330148826015381,299.9576945451433,3527.900869455997,-1,-0.637962731153878,1
BodyTemperature,1516.6024653852508,75.24369443440207,385.33983435382095,9.056861539184794,42.5467290944701,857.5665339639366,1,-0.4040748561787965,0
BodyTemperature,1745.0235141065232,60.7172011339776,278.96494672938184,5.793555398095209,48.15090692342378,1383.8659101153567,1,-0.5201777635591771,0
BodyTemperature,1483.6070434083356,74.24705036347297,207.69729237975238,4.395557467941604,47.25163847693134,944.1838202834235,1,-0.395579294011608,0
BodyTemperature,1247.9623060657093,61.97621318192512,456.210912295958,6.342332081986438,71.93109827719259,1448.4153625253175,1,-0.44497275743973796,0
BodyTemperature,1189.9266207137566,117.91023191444896,415.6684954429353,5.485979790361515,75.76923563831495,764.6480636437124,1,-0.44601005921862275,0
BodyTemperature,1344.552711711268,108.68411180208791,398.17578967373197,4.884935916067114,81.51095459903294,1008.3881923778889,1,-0.4079421775318192,0
BodyTemperature,1219.314878006179,62.75803027955638,213.5103623194898,4.267740667587716,50.028897946175746,972.0027751714846,1,-0.4527408467657077,0
BodyTemperature,1457.8033869243143,85.60967258978462,494.60609951719186,6.451973374211985,76.65966221963848,1305.3982318067876,1,-0.4026754067292177,0
BodyTemperature,1588.9900964214462,73.72267917359945,140.7129890481615,2.375732252658988,59.229312937378126,1276.6056894612095,1,-0.4195539288794193,0
BodyTemperature,1247.4193165000586,68.65670240513057,214.03806747753885,2.560362357652793,83.5967873210563,1518.8647815663248,1,-0.4364447879578613,0
BodyTemperature,1269.236269921963,139.67654246264252,132.0934982646569,5.720602506132292,23.09083669474625,209.82569384301217,1,-0.4743383394555011,0
BodyTemperature,1370.3151610660234,61.203890216805235,259.1422396182967,9.72523389947832,26.64637604574195,596.594970574612,1,-0.4262510112408338,0
BodyTemperature,1327.5270807229679,136.55071258939802,426.828828379712,3.3211254434044584,128.51933347695933,1249.447127384497,1,-0.4710806944957066,0
BodyTemperature,1401.0638739244077,142.93759891275857,322.70515720557194,6.144514205229099,52.519230394315585,514.7896491300324,1,-0.44786627789355116,0
BodyTemperature,1203.801646573243,77.99790936602841,407.79717327677474,2.6833937370177106,151.97068087741582,2345.4802488689484,1,-0.5061022330825173,0
BodyTemperature,1232.3936735566278,100.7610378684455,196.9638929660321,2.033531422652832,96.85805233788027,1184.6568223132767,1,-0.4268824529716137,0
BodyTemperature,1093.4172154830378,111.06200424416326,215.45222129610232,6.231143992803511,34.576671883193995,340.4110032813451,1,-0.48569644502538806,0
BodyTemperature,1325.413435025079,103.25894325515858,120.72941472897077,4.029438503745285,29.96184570548852,384.58492392346886,1,-0.4064547353791072,0
BodyTemperature,1172.6525855790937,63.44146769389742,125.3499881891071,9.909642091509507,12.649295204768883,233.8096716046231,1,-0.533779043298292,0
BodyTemperature,1468.4926054838184,75.46406547637639,372.6010888895717,7.842050739007179,47.51322087680649,924.5832845058118,1,-0.3969584520950394,0
BodyTemperature,1257.259356092613,109.56387406078443,288.63047542006336,4.706568227325417,61.32503800631873,703.7125919206228,1,-0.4149650557960979,0
BodyTemperature,1411.2246944248093,133.0619407787729,486.010764266605,2.1186750113699024,229.39373035431137,2432.8977551924713,-1,-0.5527023346928795,1
BodyTemperature,1307.1390754579859,123.08674752036443,475.3361827284151,2.6310975954909415,180.6607947736432,1918.5557260163578,1,-0.5036382378027476,0
BodyTemperature,1345.7830692139967,107.4473113179912,436.7315107033088,2.2579513896366055,193.41935911808815,2422.5873646012737,1,-0.5010644990790346,0
BodyTemperature,1313.4590762222826,129.52673118598904,180.65092801909782,2.4729034857913406,73.05215470683389,740.7815727203682,1,-0.42372645368146183,0
BodyTemperature,1386.8589881925395,116.51972206962002,309.2261699076477,4.229474357111522,73.11219877423035,870.2072766357707,1,-0.4106473640545886,0
BodyTemperature,1278.0609876155181,137.72005408131082,256.9780429690542,8.349394955244193,30.778043720119882,285.6244663582956,1,-0.438466757285204,0
BodyTemperature,1062.2973101429652,96.26797856696064,220.55114966565685,7.72848442158626,28.53743860175745,314.9047556237066,1,-0.5114690956212476,0
BodyTemperature,1199.7281001384672,100.27203900924792,192.88507805872692,9.096171159471115,21.205084499524958,253.71315863582285,1,-0.4457755528535527,0
BodyTemperature,1444.8917808582446,140.6472110964547,349.69519836559687,2.0520823663752767,170.40992315687876,1750.6489849784568,1,-0.5126837639187314,0
BodyTemperature,1039.213693666241,143.9832123613475,351.08322122856714,4.014150531913775,87.46139897777716,631.2616727622923,-1,-0.5556841004431424,1
BodyTemperature,1379.3932061771272,112.00727559285136,313.38443679052864,9.045033247458619,34.64712933792479,426.6867002104273,1,-0.407797785913516,0
BodyTemperature,1278.8210406636133,128.8597211224531,160.66995189310046,3.805498610159934,42.2204731501263,419.00160066190597,1,-0.41726672973416845,0
BodyTemperature,1445.0158956507828,53.35324347357794,327.9558739485266,7.862128171666215,41.71337159452886,1129.762336663425,1,-0.4447807901148893,0
BodyTemperature,1220.0087276957613,137.67656367617496,236.832699486363,8.391315742048116,28.223547625507166,250.1004783257412,1,-0.4596061041690076,0
BodyTemperature,1298.2224765083524,129.72953657795534,159.9669709395095,3.0632625570937733,52.22110999563677,522.5842975536447,1,-0.42544121656592265,0
BodyTemperature,1203.6404087491771,122.22525683930662,388.01461461842973,6.770328695967676,57.31104530412629,564.3832688884739,1,-0.450989942829325,0
BodyTemperature,1389.391725092816,75.17990589069527,238.2783974015678,2.634379451212831,90.44953538939419,1671.5880995013026,1,-0.426319679293763,0
BodyTemperature,1584.637727698935,140.84505613336285,333.3567179064482,4.607662750872759,72.34833275141622,813.9859556408935,1,-0.4579226685199632,0
BodyTemperature,1421.5374289677275,65.33514031160801,334.49193280671886,5.5529981099601935,60.23627708548179,1310.5982791234624,1,-0.41751896002030287,0
BodyTemperature,1326.8137264531144,111.14542354346477,107.2440735283362,8.849115180497364,12.119186081416624,144.67444482745495,1,-0.4852628663353877,0
BodyTemperature,1348.8257816805688,119.66508238768922,468.9997524709183,7.3651477088205874,63.6782548039381,717.7605204307488,1,-0.4160873730184579,0
BodyTemperature,1431.0639602604351,65.25390429142614,330.5153440667253,6.460435417445703,51.159917669667365,1121.9729329907946,1,-0.41725676973414605,0
BodyTemperature,1546.7977392861083,143.43670147690148,470.2274051627105,5.057554342637189,92.97525509484039,1002.6298214436255,1,-0.46878798736355687,0
BodyTemperature,1266.022070803522,61.323804584075525,493.9364795849338,8.550082778013408,57.769789183222244,1192.6498792382208,1,-0.4277261496296387,0
BodyTemperature,1341.6649849722944,109.12754357449293,259.6010815480521,1.492854749398282,173.8957401265517,2137.9554411428076,1,-0.4758431056112274,0
BodyTemperature,1480.2203149689494,83.51972416459009,421.14137943920457,1.0416882070414257,404.2873641003566,7165.186133125603,-1,-0.6957662175547864,1
BodyTemperature,1199.1919979396628,103.7395602937923,467.9422465651042,4.1171139492936515,113.657832240807,1313.843653668352,1,-0.4587460673421164,0
BodyTemperature,1113.4340582696534,84.69532018962278,395.00049924389936,5.069961468008264,77.90996080273474,1024.231370068629,1,-0.48476423428755194,0
BodyTemperature,1299.5945431270138,64.08570203797998,170.55479460248932,5.4853099546553175,31.0930095131163,630.5354268990382,1,-0.4243722213885412,0
BodyTemperature,1133.676157766123,91.89254495045479,465.93836042724,4.261545092049698,109.33554623098807,1348.8700527908647,1,-0.4846327889506662,0
BodyTemperature,1580.923269055893,51.30944565883336,365.41494880668427,2.6023237018277627,140.41871445509724,4326.517471442621,-1,-0.588013584880247,1
BodyTemperature,1484.5396859373504,146.1070317469455,159.46509110124518,4.731617113543214,33.7020277158123,342.43387907118876,1,-0.46781490614640975,0
BodyTemperature,1677.5753850290062,56.70764773884275,399.98418815967113,2.889150337860272,138.44353577526277,4095.558131815803,-1,-0.5857138014683098,1
BodyTemperature,1342.131101121515,139.80542894407137,182.05585619280288,2.716189485972999,67.02619869967815,643.4510200657217,1,-0.44606662126433266,0
Accelerometer,1395.3746731828412,106.48411332626165,126.28345577134095,7.9797485502550956,15.825493118740432,207.3782801840135,1,-0.4477317023118314,0
Accelerometer,1323.8827057403576,95.32888347480275,309.756107731032,4.966864722444053,62.36451464669845,866.0890527945642,1,-0.4018743785097382,0
Accelerometer,1574.4069426088981,65.52402459307125,172.77125219810844,8.756070589121656,19.731596546601114,474.1095008228713,1,-0.4673205018111015,0
Accelerometer,1109.6936610237888,144.61154621336328,249.32372651190119,3.436702058291984,72.5473789356687,556.7008211780185,1,-0.5238249782758696,0
Accelerometer,1244.4838239381659,52.538635566034486,162.46103894647615,7.443750059626578,21.82516038893253,516.9730573749769,1,-0.48775868687558366,0
Accelerometer,1645.2708529975334,115.89239419101514,110.83839700139339,2.997749457396545,36.97386942324833,524.9009661871612,1,-0.4728387341523375,0
Accelerometer,1500.9912022777967,51.97105377543642,141.64343279382953,8.199244768358703,17.275180433744172,498.9295379857591,1,-0.4821803594836461,0
Accelerometer,1241.8972682366727,67.85446620543337,361.0984431407499,3.1436450294205387,114.86616324722591,2102.322548933925,1,-0.46811690911332404,0
Accelerometer,1366.3154055594537,122.22669318556592,442.2785872425143,8.471978781102925,52.20487428852321,583.5740305713125,1,-0.41922890397242646,0
Accelerometer,1347.4865862262866,89.71835296184548,367.2340546282585,2.844858658742389,129.08692440650097,1938.7660757541926,1,-0.44976667119514474,0
Accelerometer,1482.991803710542,51.300192351073605,134.2034123417872,2.870976296314246,46.744869511488936,1351.306012200676,1,-0.4521970201827308,0
Accelerometer,1356.6247366817986,52.65322038738197,172.57417403591893,6.247374048727229,27.623473909182255,711.7264194397025,1,-0.4521417937531002,0
Accelerometer,1529.3200865808894,131.7443561738441,236.7269406791504,3.3348109008816325,70.98661594771875,824.0296647242853,1,-0.4345596685725783,0
Accelerometer,1374.0744405065273,87.96924081672668,336.1179770059231,3.4125727674058863,98.49401021312953,1538.4707281811236,1,-0.42006567087748387,0
Accelerometer,1220.7050123679303,105.20471808519802,274.45061165412665,3.650191835877259,75.18799668460913,872.4168088020302,1,-0.4279435164243252,0
Accelerometer,1645.6241663010833,144.84533069621568,405.4423176639043,2.261018581898073,179.31843679212264,2037.2817793301504,-1,-0.6027362587052097,1
Accelerometer,1394.691292199331,139.45522268940914,419.9421023789261,4.8269215402231005,86.99998516228553,870.0866083556552,1,-0.4319394812212703,0
Accelerometer,1554.417850274785,52.24693083201174,207.47094375397842,5.874707931947802,35.3159588795404,1050.6982134210498,1,-0.4544801220000662,0
Accelerometer,1211.2194336468885,63.93560740728241,433.9720947197196,9.85961962633197,44.015095020574165,833.837991451716,1,-0.4549700313440222,0
Accelerometer,1504.0140001068041,102.56901823026858,168.6717143393214,3.4507659386743206,48.879500185434175,716.7413110270114,1,-0.40097904893267083,0
Accelerometer,1427.3775523326551,77.4055220687206,321.67120100631735,6.862783495166778,46.87182704115018,864.3284350690036,1,-0.39602142451912353,0
Accelerometer,1262.991724625006,132.97418037072015,182.56850870424128,1.0989624579263242,166.12806687567567,1577.888076519615,1,-0.5024113200598448,0
Accelerometer,1435.8031386850055,110.05168604336534,366.01466981850217,2.5783415076110465,141.95740507533924,1852.0651077207065,1,-0.4495781714752167,0
Accelerometer,1537.5328069884363,141.44119459249598,267.5082099568292,4.448246754245477,60.13789808344493,653.7274484496553,1,-0.44753613420045474,0
Accelerometer,1312.4878983969159,66.62833687560794,395.2134465705482,1.7451880113261382,226.45895113056176,4460.934292828376,-1,-0.5609369059936399,1
Accelerometer,1403.612642665316,110.31521094663881,198.13964387252838,4.503660526377789,43.99524402694899,559.7802896215451,1,-0.4046344934624247,0
Accelerometer,1270.7110384774578,121.90459051842456,218.84868624927,6.097641762672074,35.89070902606902,374.11815210777866,1,-0.4149212641025321,0
Accelerometer,1210.7295619521358,97.60504021990997,365.46846614505927,9.431467653922821,38.74990399750248,480.6683567455096,1,-0.4305563340976455,0
Accelerometer,1279.7933442057508,53.118313506128466,204.90561771993004,6.355701376302293,32.23965469553619,776.758386617048,1,-0.45842473809094747,0
Accelerometer,1498.0005818777413,55.14258134842503,298.54649888049454,6.371585640252003,46.85591872052225,1272.8855231541174,1,-0.43146867944076156,0
Accelerometer,1560.8536685866895,60.65982531337718,130.0551126943235,7.55369880583243,17.21740779416624,443.0255771467083,1,-0.4732322544632869,0
Accelerometer,1301.5181131880763,99.54913162061985,375.36095857109444,4.913446047433716,76.3946433821421,998.7933645802551,1,-0.4035253341715989,0
Accelerometer,1499.0424399560247,129.94158789689794,377.8785883417707,3.449306235069664,109.55205556984674,1263.823101915022,1,-0.4544119244333358,0
Accelerometer,1321.216901241906,109.0230666869087,244.38955877601072,1.8242386599397074,133.96797477369984,1623.5165444801735,1,-0.449492239176107,0
Accelerometer,1389.5396176597098,68.51329288386196,316.7603789513432,8.856512522887675,35.76581392876111,725.3777087623417,1,-0.4115317724306004,0
Accelerometer,1486.8516109687048,123.22248864095612,422.6244591445799,6.929050300396456,60.99312904690543,735.967380480831,1,-0.4177445033298127,0
Accelerometer,1516.7057659482284,74.96680088591859,295.7699854572562,2.99088497637642,98.89045810634741,2000.7220027356382,1,-0.45177022620071905,0
Accelerometer,1464.2433743716642,148.76680079966468,477.6237358746453,1.354841302316553,352.53113044161574,3469.8021953433863,-1,-0.6826338253299694,1
Accelerometer,1460.1048322056856,68.05753451273335,327.17809222105177,9.239394678292376,35.41120426316942,759.7111889088866,1,-0.4110269830079255,0
Accelerometer,1429.035445452087,53.394597858579885,378.968106898736,3.676141066352957,103.08856489957945,2759.028425543517,1,-0.48508551905944375,0
Accelerometer,1394.4224366806839,136.20426509893133,437.81975941402817,3.871904259189301,113.07608094258478,1157.6423411097605,1,-0.447798260810837,0
Accelerometer,1495.3673716293779,132.89154741506775,114.80305388619705,6.366428906338477,18.03256669871834,202.91216704529444,1,-0.4819106097734959,0
Accelerometer,1339.1322661443855,57.695320162920915,378.5155103512559,4.058874673912595,93.25626947391845,2164.516621454476,1,-0.4578500476542398,0
Accelerometer,1356.6771394028844,122.47667715287615,126.14253631957695,3.837613040475493,32.8700509898068,364.1023563467147,1,-0.4134395067634819,0
Accelerometer,1602.5311158979853,81.87525029320699,350.35655057480363,8.973799734125684,39.04216284685551,764.1659789739074,1,-0.43071417325055295,0
Accelerometer,1427.4768824925145,111.58631881823047,193.1837899014535,1.2196070340088423,158.39838941110347,2026.3240288150491,1,-0.46955874401817876,0
Accelerometer,1411.4794293626023,143.90676985128962,419.5132943094662,9.981406994800038,42.02947485540043,412.2373064631664,1,-0.44553123889768187,0
Accelerometer,1549.122990587649,85.07118154517102,406.87531557245075,4.617378222483179,88.11825585161559,1604.609381823861,1,-0.43689381881507366,0
Accelerometer,1721.7965417142007,137.36771141863386,493.63338767971806,7.914460724780664,62.371070480408285,781.7724583683514,1,-0.5078128285977946,0
Accelerometer,1349.1640528926896,91.77667821673337,268.5428009108281,7.638240714300023,35.157677134745505,516.8358137934598,1,-0.40161535786114755,0
Accelerometer,1341.1355263538485,85.46221576407765,214.89559666163268,3.6667730841039106,58.60618907486855,919.6911351970172,1,-0.40299885686541526,0
Accelerometer,1360.5112818979644,73.36077510499099,116.83727585454476,1.1608654126007243,100.64670252582548,1866.5420870518858,1,-0.43516048265874696,0
Accelerometer,1395.1042545054001,88.43266471596817,371.85891307722795,2.9642849907855773,125.44641093320791,1979.0291536216666,1,-0.4550789494543046,0
Accelerometer,1432.7491256961828,144.99611839502253,414.5380057662208,1.8046990208103355,229.69924679190405,2269.7255530494926,-1,-0.5773098911747633,1
Accelerometer,1537.761198497128,144.473202229141,286.96060449994786,6.520702502896369,44.007621015141474,468.41359498572325,1,-0.4715822580773555,0
Accelerometer,1370.0024177638056,66.70339460920752,496.4674504547906,3.0850453124509905,160.92711781285306,3305.2371888871817,1,-0.5113698641958175,0
Accelerometer,1423.262643340995,110.77367948788591,305.0754044066034,3.076028305459828,99.1783475675782,1274.2813796002872,1,-0.4257422892094327,0
Accelerometer,1468.9012071560849,67.65280320055084,188.19448362807015,2.6779443592982908,70.27572584718799,1525.8510164714655,1,-0.42878442518070786,0
Accelerometer,1310.728351725597,55.78426765633964,487.64105205632455,8.954072964670832,54.46024998683391,1279.6187294159888,1,-0.4365933105748728,0
Accelerometer,1566.417558288933,142.7752283195213,497.9631290585741,2.5650572429753855,194.13333968366047,2129.878379526832,-1,-0.5753651071271809,1
Accelerometer,1598.824912701588,119.60206180537922,161.55836253594202,8.34249812491556,19.365705585648815,258.8782507174726,1,-0.46819663920676285,0
Accelerometer,1320.0578018602484,72.44405718366608,189.52704592904922,5.832769806040722,32.49348975383275,592.0883827705344,1,-0.4101011967375058,0
Accelerometer,1616.6045381654035,59.148683739775485,450.98434505215215,3.3904003832983545,133.01801972232306,3635.5421751554068,-1,-0.5529044621511584,1
Accelerometer,1651.3756907226807,62.95149212828042,455.4992319475909,9.60086348406778,47.44356928972819,1244.563938953521,1,-0.46677957384305013,0
Accelerometer,1439.980011239924,115.52419806390218,320.3429482436557,1.7828808392026914,179.67715014925724,2239.6303893697464,1,-0.4920193483067421,0
Accelerometer,1446.7826127710237,90.84532130706987,249.0754068049256,3.337784053842936,74.62298422756086,1188.4292392845482,1,-0.3995268023052864,0
Accelerometer,1395.3223563055599,58.10462159076479,188.07328077992452,7.149328872936364,26.306424578098795,631.721562302049,1,-0.43090637530953946,0
Accelerometer,1651.1909226610362,57.61308594903002,440.48276561950746,5.4563187431257685,80.72892848762855,2313.690921414155,1,-0.5224344105940891,0
Accelerometer,1753.7204318926035,132.4680965925149,239.12368316087722,7.102145373031572,33.66921832787077,445.74050376123773,1,-0.5219032910948425,0
Accelerometer,1325.6404952662467,106.5731963995791,206.81130806776852,8.907669877196422,23.217217400164788,288.7938488554156,1,-0.41709487775904314,0
Accelerometer,1482.6493136776005,135.05817290942417,446.9176803839209,7.3752667904353135,60.59681542144489,665.2231765041471,1,-0.43892188778869445,0
Accelerometer,1555.1740664672848,133.70133283636721,378.98858466771344,7.121266945842704,53.21926386834321,619.0306203291216,1,-0.44325598060479804,0
Accelerometer,1593.4567301092898,65.86051052930736,452.34830367957136,8.846591749707088,51.1324944654023,1237.1209512096716,1,-0.43102337180610933,0
Accelerometer,1490.7767894229996,52.924728303455915,430.3267002259051,2.1598288072610066,199.24111521210108,5612.197541268411,-1,-0.5996598091680216,1
Accelerometer,1568.866429275304,66.07598960483082,427.1868096476249,8.489207601619677,50.32116419983897,1194.79383763033,1,-0.42579722094961947,0
Accelerometer,1285.592273804471,100.74677337608362,102.55434868673343,3.583343198574215,28.619739445426,365.20589867418147,1,-0.404624461733604,0
Accelerometer,1426.7131051265144,113.18135270166684,203.9214324256639,6.706051327896502,30.408570178604382,383.3167261777678,1,-0.4167001141210834,0
Accelerometer,1406.4609309956681,103.99853797158555,411.93815806045745,1.9628257494426258,209.86995823619776,2838.2504466510095,1,-0.5181490334438742,0
Accelerometer,1434.872718184771,146.29920038589947,236.74886641547442,6.693597038205533,35.36945308541366,346.8963819044062,1,-0.46213099974597316,0
Accelerometer,1620.7971493537675,143.20281055100173,141.0038911962717,9.43505638512806,14.944679230378322,169.1467744341293,-1,-0.5527007716836948,1
Accelerometer,1337.4610796973843,80.09635669468162,383.2688354581126,1.6061554132189453,238.62499998676455,3984.5963448956477,-1,-0.5692710235095146,1
Accelerometer,1427.1318226457915,108.21704601762733,238.3532227811827,6.588239659907294,36.17859019787642,477.11168683573504,1,-0.40543978211981496,0
Accelerometer,1321.7131770693668,125.82631959290225,109.8347665835206,1.1991119637609753,91.59675651890542,962.1567288906134,1,-0.4272805958230499,0
Accelerometer,1452.7681536615328,82.36102191495412,295.4572761618663,7.933666760270139,37.240948616778816,656.8940368232428,1,-0.40257322593611444,0
Accelerometer,1322.2342870610591,77.36266662816658,498.84980006308444,4.835631720123756,103.16124736858943,1763.1674851946482,1,-0.42980565193294556,0
Accelerometer,1663.314465093405,95.13870243296755,165.44952847666767,8.153285938749365,20.292374107763234,354.77254283881723,1,-0.47842467741186984,0
Accelerometer,1256.9914905329688,58.238104561584265,372.1997208298852,6.890600928530217,54.01556768275599,1165.8536871119093,1,-0.4408372388852651,0
Accelerometer,1499.1270691961204,77.32595269982093,480.3454249001641,2.3595210260281023,203.5775140807934,3946.780497136746,-1,-0.5441616637524292,1
Accelerometer,1490.9855641095007,91.97273169261223,355.41037906563423,4.578349581665148,77.62849313406323,1258.4486781722817,1,-0.4107537575402431,0
Accelerometer,1386.0757757743415,77.421520234867,493.5910591839313,4.684006056835387,105.37797201684486,1886.5795178095163,1,-0.43663227968943136,0
Accelerometer,1366.1879168443452,71.31047040250833,112.45363315380455,6.865001428382966,16.380715186579753,313.826777903105,1,-0.44724154925198706,0
Accelerometer,1449.2463472904155,86.85263437237612,445.7432999358548,5.258889160224014,84.75997237349405,1414.327628014839,1,-0.4140310865907233,0
Accelerometer,1447.940177591493,127.0921844644052,437.9132912467551,7.84921591848699,55.790705185641905,635.6142505133944,1,-0.4202645888808247,0
Accelerometer,1463.9036236686532,112.62203216314154,152.49795107295503,1.2927356154212672,117.96530493457482,1533.357497143609,1,-0.4478754379495249,0
Accelerometer,1427.472177673527,129.65372909761763,292.60894060502005,2.0557737006615504,142.33519015777765,1567.0935596547515,1,-0.4606421659572047,0
Accelerometer,1499.2176900473614,62.51857922025504,374.22611489158857,4.872753054095164,76.79972917508739,1841.6847280629513,1,-0.4468917851302158,0
Accelerometer,1394.3380475415945,56.42089370751341,332.7885607657595,3.4209406399158793,97.27984077909716,2404.0913630373884,1,-0.4696593311633579,0
Accelerometer,1199.6572088038818,129.75591006371883,224.1447835694295,5.09698134173621,43.97598667549329,406.5796263431253,1,-0.4532960540643968,0
Accelerometer,1336.6389245304063,110.00205481193038,216.6650314837213,7.254836975138883,29.86490698911585,362.88955899397445,1,-0.4032949222024286,0
Accelerometer,1060.6265897892526,136.01223971892045,411.9403955573399,1.3565694281352143,303.6633341528321,2367.973700103326,-1,-0.6741437626694217,1
BloodPressure,1220.9306035662262,74.20450158625275,494.6650373068586,2.282459886113619,216.7245261642397,3565.896958821846,-1,-0.5557090132494659,1
BloodPressure,1345.1811899697816,99.88881534513561,347.26229372724765,7.322184734896935,47.42604923257725,638.676403577455,1,-0.39977905039462525,0
BloodPressure,1321.7638193726611,82.6461308243992,307.0846573538846,1.7907984923035003,171.4791801945747,2742.4753451369033,1,-0.49597995884757884,0
BloodPressure,1355.2639706560178,85.06269312091808,113.28124351654662,1.7072064743951867,66.35474104365663,1057.1989496128865,1,-0.4022005490112044,0
BloodPressure,1216.2480346025736,106.75408482615582,375.7859876549063,8.205280291981746,45.798068351440335,521.776854831752,1,-0.429528502507611,0
BloodPressure,1313.6356411126558,70.01502442448101,166.99303290362792,1.9411105630096022,86.02963483167747,1614.104907278778,1,-0.4264360243529475,0
BloodPressure,1540.7710788752738,53.158614482564204,474.4848984974759,1.4677415528632518,323.27550962351427,9369.949924107757,-1,-0.7152440375573531,1
BloodPressure,1476.6062624835388,104.12963353010704,383.6242077803666,8.83872211371477,43.40267776776338,615.4700024167903,1,-0.4074601144339031,0
BloodPressure,1472.6270011986085,83.94501925428061,425.9300454986049,1.7210336174620764,247.48502363754113,4341.569415773698,-1,-0.5660187726217017,1
BloodPressure,1437.4817262307402,139.48166560605276,319.0369504614945,8.355679929662443,38.18204540469792,393.49969260034345,1,-0.4349714993385612,0
BloodPressure,1632.1284853266488,102.64026609361133,392.63580870213275,1.7346698382753063,226.3461322948409,3599.2304396891877,-1,-0.5760428702698995,1
BloodPressure,1258.4773069435598,56.03520839905638,198.8412936040586,2.435902121018695,81.62942668685847,1833.2898903960233,1,-0.4677346281004799,0
BloodPressure,1308.3308967825312,147.58652558191312,234.75831670844275,2.6390612411982937,88.95523644682389,788.5739149633998,1,-0.49185401126019956,0
BloodPressure,1408.9615418135224,128.9698507142479,363.48311020035044,5.483761448078251,66.28353797697213,724.1301385376612,1,-0.41679633430872415,0
BloodPressure,1585.1299175003226,72.84547413312987,498.53356642269677,9.773138459321048,51.01059076342304,1109.9991384597681,1,-0.4196139585494594,0
BloodPressure,1410.6048161641513,115.03256863469369,179.81698037165805,7.122054181881622,25.247909631059706,309.6064301298119,1,-0.42293392877049407,0
BloodPressure,1316.8422150722486,136.82725054083807,390.8676279065232,7.684358690799829,50.86535436906311,489.5343994199482,1,-0.4382203665339393,0
BloodPressure,1126.0991708224835,92.54933344480753,238.37399701878516,4.339348866861425,54.933125759763335,668.4018681306598,1,-0.4659911513907493,0
BloodPressure,1381.9675811520217,93.86154191895905,390.1030641660546,5.380020472822325,72.50958730300313,1067.5927214362332,1,-0.40050841870103426,0
BloodPressure,1493.1589478759668,137.34232380816604,460.2807456045034,4.795488341861098,95.98203828097962,1043.4979933410523,1,-0.44995046073161116,0
BloodPressure,1439.7999172149932,141.23633456166908,184.2648756022666,6.606699252071345,27.89061051091368,284.3241353531101,1,-0.4422136864245321,0
BloodPressure,1138.560106885538,113.15602200925206,393.2452089661124,2.1841091661453382,180.04833048713303,1811.621182540613,-1,-0.550707697022184,1
BloodPressure,1418.404602068534,67.96831088702419,195.01732996955104,9.742555846374756,20.01706051724792,417.72835586192514,1,-0.43981945520934085,0
BloodPressure,1386.863448210057,68.09769527094898,441.7540373478316,5.430500708032313,81.34683357916303,1656.6926335713495,1,-0.4278643060195469,0
BloodPressure,1425.1046276954473,94.53052550026655,305.9269415718761,4.233100324597891,72.27018452508247,1089.5165753712913,1,-0.40046034099452976,0
BloodPressure,1301.5366550322458,109.29508514349274,165.4095490340091,4.519733829865846,36.59718807797997,435.8163195725001,1,-0.40316818036949664,0
BloodPressure,1176.6369676971353,127.34731256866006,152.3494642873399,9.728389405706903,15.660296677471415,144.69472204906359,1,-0.5310805875019945,0
BloodPressure,1508.530831062443,95.37895413836392,194.42018533858558,1.6614707259701138,117.01691898607835,1850.7608061035855,1,-0.4511205858721931,0
BloodPressure,1362.0134772613774,83.70031764312863,431.55334635304376,4.877987712956253,88.46954353878546,1439.6207089768454,1,-0.42192284716131834,0
BloodPressure,1178.2169220020005,74.87142725876299,346.857994641612,7.360994951969012,47.121074923279224,741.522499172523,1,-0.43776142125723183,0
BloodPressure,1304.5051315570306,53.6671426933543,394.5608060262562,6.974240748596245,56.57401576016318,1375.1634644238309,1,-0.4487924813113131,0
BloodPressure,1304.4232809112084,97.46308757498139,437.6681795876789,8.251031376550479,53.04405711406414,709.9293151403355,1,-0.4032465565460765,0
BloodPressure,1490.886202497306,70.58412100367683,144.76784775909115,3.4277465036529065,42.23411725599133,892.0740500307547,1,-0.40118073064336435,0
BloodPressure,1383.9054591015008,55.70868560893149,312.4678112004128,9.429451230654653,33.137433298832526,823.1943428856242,1,-0.4334975102820986,0
BloodPressure,1450.6558307566895,81.61561049767505,302.893923475357,1.3741557314535289,220.42183177809656,3917.831571009013,-1,-0.5374408688342129,1
BloodPressure,1340.7201048827837,64.83432009620888,494.65204918353874,9.68606826792441,51.06840417608741,1056.0523516180733,1,-0.4222604827999935,0
BloodPressure,1475.4835974958116,95.47398556338591,306.2384114317001,5.399619222312282,56.71481614226854,876.4877726545828,1,-0.40197846160829726,0
BloodPressure,1398.4624218678005,116.68642575461044,155.86050190252516,1.2697623088541015,122.74777792324113,1471.1064606128298,1,-0.4447698897586054,0
BloodPressure,1501.4153140586932,70.18534521229483,369.37297332996695,9.729208414965434,37.965367538205754,812.1607730689558,1,-0.4081124761016546,0
BloodPressure,1211.073195171932,59.39007157894184,369.0408472900505,4.993751973741141,73.90051593082592,1506.9679421793048,1,-0.4680824000050141,0
BloodPressure,1325.856794665624,119.26259522261645,435.24611585924407,9.501527975266209,45.80801287879696,509.2532575877223,1,-0.41700789638534275,0
BloodPressure,1381.018879437591,118.32480282896458,298.8699056033709,6.560625161810925,45.55509547216291,531.6928099392417,1,-0.41630464055220123,0
BloodPressure,1378.8111504511353,53.03870596968368,472.3794782027911,7.20574075928405,65.55599125518997,1704.2144989962342,1,-0.4543420786762086,0
BloodPressure,1493.639600127577,117.65133857772466,186.27006095908686,6.929969232093915,26.878916012561387,341.24059998129223,1,-0.42357892975679196,0
BloodPressure,1572.409506200413,60.65930303079907,363.1381218412144,9.994723531936,36.33298316665631,941.8230224449281,1,-0.4441466369734553,0
BloodPressure,1196.6865176434153,54.8212038860556,490.8696736885269,4.662171646505835,105.28777379022922,2298.3161703149995,1,-0.5208836455634458,0
BloodPressure,1395.0656053119053,106.70162609866678,395.3796837005306,8.906640051712131,44.39156420434061,580.395507095693,1,-0.40508720149490157,0
BloodPressure,1408.6580749047039,90.4140321651033,230.8132646252955,7.0083404700722625,32.93408269916938,513.1157235532551,1,-0.4016674143501627,0
BloodPressure,1432.3763856411165,129.78136488586347,274.2333259251732,8.360507945575193,32.80103645739747,362.019848438558,1,-0.41851549336041904,0
BloodPressure,1446.402611368968,62.02090553706084,317.79563918433985,1.0518279444830942,302.1365241826846,7046.189567590893,-1,-0.6506262922945868,1
BloodPressure,1203.454170429984,89.61726916092553,378.18688267594484,4.4970229114331115,84.09716608613502,1129.3257002282103,1,-0.4328257289297323,0
BloodPressure,1156.9884025559074,94.86936226225306,195.01765234973098,4.35926612466406,44.736349369989355,545.5864375970532,1,-0.4578818363719227,0
BloodPressure,1573.5696950895122,111.94903460096145,285.39761752022895,4.418072021613068,64.59777389867635,907.9944256734876,1,-0.4289428975260705,0
BloodPressure,1488.1199072468185,136.33336495718254,307.6327140544872,5.312636898667579,57.90584222528782,632.0597792653867,1,-0.43732852329676647,0
BloodPressure,1163.8112166748322,108.01723692273322,313.4410186907514,6.471145835141002,48.43671069637109,521.8721457168348,1,-0.4483032925636898,0
BloodPressure,1129.2329691650657,126.48832615421283,425.1942954864374,7.46310768603845,56.972820622951254,508.6286564921957,1,-0.4920833593229391,0
BloodPressure,1454.2090649813485,74.34822965762993,470.81381791852266,1.5424065126060476,305.2462590572419,5970.443129806686,-1,-0.6336974133109852,1
BloodPressure,1389.636676437973,143.44360268055144,240.64907489585377,1.9127874560429485,125.81067182116149,1218.8143673394477,1,-0.4797462607082778,0
BloodPressure,1122.8048781229093,78.48729019619228,222.9159859705146,8.22723308049397,27.09489129450196,387.60767560749156,1,-0.49440718129459715,0
BloodPressure,1338.3381210235414,103.91612766752544,224.52307966240147,6.493004049798265,34.57922988194922,445.3466712569915,1,-0.40727337952679615,0
BloodPressure,1217.8688921767437,91.35491015253515,148.75443733477903,2.630344145812123,56.55322234986512,753.9212740426957,1,-0.4255199102452736,0
BloodPressure,1478.7874560820514,118.11178539649828,172.57533907825078,5.726470453003541,30.136423560473414,377.3151424542341,1,-0.42083975572224724,0
BloodPressure,1270.347345140622,106.73122196289034,202.6251134805455,9.666341877138219,20.96192293382178,249.4951585702026,1,-0.4270399935388816,0
BloodPressure,1394.8526855645077,98.35456467199248,422.39701991006325,5.952038879406356,70.96677768210282,1006.4423625467831,1,-0.40005798921171715,0
BloodPressure,1368.5557194513992,145.1403342206657,340.64472805853245,8.372699734841111,40.68517190948767,383.6281968934919,1,-0.4643752073952391,0
BloodPressure,1293.5902588448876,138.4206463348408,191.231908779573,2.90840355917404,65.75150418048626,614.4712336230962,1,-0.4456837474655718,0
BloodPressure,1162.049663647738,133.98613028667205,460.0092493592045,4.180792413724463,110.02920112682773,954.2733705891496,1,-0.49224059089078515,0
BloodPressure,1588.1080413393763,73.6870558974482,412.21020609754476,3.4732543199332246,118.68126204633059,2557.825988792292,1,-0.4931844230125514,0
BloodPressure,1311.7637166330148,116.75498992914704,138.21412553386727,6.614733922089157,20.894888163576287,234.75789919315065,1,-0.4433113963561722,0
BloodPressure,1520.2785617688,95.17676787372291,334.64338527018964,2.5121278697037708,133.21112723041867,2127.809395525546,1,-0.48287557385414553,0
BloodPressure,1437.2931845574253,71.67398000907757,138.2858222080647,1.2127472744170276,114.02690826457577,2286.6052378293025,1,-0.46261826763850716,0
BloodPressure,1407.5603274088369,114.1971500443266,342.8376144355123,5.92027671442663,57.90905239278425,713.7698682872898,1,-0.40689768708486457,0
BloodPressure,1276.2777378629862,109.4476335186173,298.70674354366776,9.890069681933985,30.202693524931384,352.1960606193605,1,-0.4042984583671895,0
BloodPressure,1166.483319871153,63.64397525567331,378.0578216190375,4.638868912938629,81.49784542619152,1493.7136926659157,1,-0.48972056139009207,0
BloodPressure,1578.393075133014,119.24361513243696,496.50239748087535,2.155548605087127,230.33690648827042,3048.902683341655,-1,-0.5744375445312137,1
BloodPressure,1276.8053524860225,60.41096493841663,389.73552685149645,6.205482253057681,62.8050344772896,1327.404789269938,1,-0.4317771928337984,0
BloodPressure,1300.3859571449084,58.56582495964305,457.6763498656473,2.726805922468686,167.84338998768737,3726.7670606533065,1,-0.5337817007104005,0
BloodPressure,1324.1134677874845,82.33715621155207,190.6625608907952,4.194966752487436,45.45031513723927,730.9139294752607,1,-0.4087176261674682,0
BloodPressure,1356.236823820322,56.76125635922149,420.14260312894464,3.103408737193897,135.38100801663583,3234.7541279932657,1,-0.5032890008085091,0
BloodPressure,1247.5581081704208,104.00119146045105,452.0316350245833,6.8578963214247475,65.91403745962033,790.6793251139698,1,-0.42247408443076034,0
BloodPressure,1082.1507093431144,83.3001913058198,367.79478207927605,9.947254250990508,36.974502993391624,480.3348469514548,1,-0.4910333035801448,0
BloodPressure,1402.1886081503076,116.18391898493786,323.11336694800997,7.575854592153215,42.65041824887698,514.7350091467848,1,-0.4100403374326877,0
BloodPressure,1256.3384825401263,106.22968158779098,483.05011380215205,2.577726481218937,187.39385940347356,2216.236681136356,1,-0.5080073339539334,0
BloodPressure,1344.0920841565517,119.00048908206658,180.37347546362258,5.822449160257731,30.978969588055335,349.9026610715559,1,-0.41196863671742956,0
BloodPressure,1336.5963518699257,125.61633288952461,239.02860969559282,6.984205520384962,34.2241660841644,364.1556355105097,1,-0.4147884412970979,0
BloodPressure,1229.4551314566947,129.54499607897293,470.8711277917811,3.111778736699082,151.31896180101563,1436.1023559686168,1,-0.4845098346112398,0
BloodPressure,1203.9897297885602,149.24835021583752,470.80038716971814,5.859614172525037,80.34665309146794,648.1582208789231,1,-0.5281103439838625,0
BloodPressure,1308.8632847139015,134.20332943764214,308.3831909088169,6.612271192024838,46.63801316569754,454.8529709387629,1,-0.4332061096467366,0
BloodPressure,1377.5879347321422,62.77134836352349,430.4270521010113,8.038252789033473,53.54733962687011,1175.1566746628341,1,-0.4227011972059556,0
BloodPressure,1309.8488913489973,120.87446977429764,114.46415220990485,3.7281552035079573,30.702625282928498,332.7071445561695,1,-0.41288502671508975,0
BloodPressure,1245.393306549364,58.764274676383856,474.78312921242514,5.9842201664113865,79.33918138194818,1681.438016283272,1,-0.45455927171926747,0
BloodPressure,1171.69656029827,80.55243106580235,258.79260682971335,5.024822864543521,51.50283180245466,749.1479781567458,1,-0.44973023230912845,0
BloodPressure,1404.151449924219,141.93919732144172,298.78539316233207,9.929422133409814,30.0909145716547,297.67817574484775,1,-0.443851967726647,0
BloodPressure,1688.5912937747685,135.14249577450957,183.40420574293432,9.375356931795245,19.562370486497848,244.4297650401049,1,-0.5152358720069111,0
BloodPressure,1362.6903015893647,88.06232934765801,451.1897281780278,8.812510210967053,51.19877507960537,792.2578788348727,1,-0.4026187528950163,0
BloodPressure,1338.2637778057258,130.5925400117621,416.0121745228246,3.742112251882367,111.17041566926835,1139.2330713560523,1,-0.4448902504322261,0
BloodPressure,1327.9819144057785,67.35245149865086,377.9804355609847,4.11489753884007,91.85658500443047,1811.1275965568107,1,-0.43381081586184755,0
BloodPressure,1249.4812170074688,147.5610200859915,356.3888309381328,8.40232507270925,42.415501406352824,359.1556380289822,1,-0.48055919347059367,0
BloodPressure,1348.2472811751302,110.62529377509775,405.92392036119816,2.573547645343713,157.7293201062864,1922.3282464427925,1,-0.45882102511224976,0
BloodPressure,1462.1617462988086,100.25660764634424,259.46521110892525,2.317365929460242,111.96557600609913,1632.9276042924187,1,-0.43900489600276377,0
PulseOximeter,1353.8641877658874,52.581190694948695,154.0665156619291,9.668036004302564,15.935658037823286,410.31244140245707,1,-0.4844160211334802,0
PulseOximeter,1414.7835993633764,104.9529535895017,486.328864461288,4.892480904971188,99.40332397968798,1339.9736518013938,1,-0.4237510906290782,0
PulseOximeter,1451.0355342808343,93.951168863291,142.26587370469758,6.767436832211856,21.02212066871996,324.6776433472434,1,-0.42002759811460827,0
PulseOximeter,1156.929083262497,71.60381825095996,347.83518195913183,6.85180983158338,50.7654459929386,820.2358802735337,1,-0.4617411229846527,0
PulseOximeter,1410.9670875265083,55.81637955054758,497.94652686790687,1.5200250489672997,327.5910006918703,8281.083865848266,-1,-0.6927270722663091,1
PulseOximeter,1656.663950054205,119.50352288585532,493.47157010536546,3.1526209379433308,156.5274036488797,2169.9218613694516,1,-0.5333418820423748,0
PulseOximeter,1353.3032843866486,119.2161341694132,124.91671925202508,5.584799153348108,22.367271556603256,253.90608638008854,1,-0.43515401158920763,0
PulseOximeter,1398.1317354202606,149.66968538529767,425.58810780240754,6.536974944079098,65.10474821199772,608.172686188335,1,-0.49730872548911836,0
PulseOximeter,1578.6410179231175,102.70414639116515,270.43335355614863,2.1763933906617954,124.25756975576715,1909.9335644813948,1,-0.4913128523271845,0
PulseOximeter,1227.6563202967036,138.66042152404668,279.913859528529,2.7516026063868857,101.7275746427942,900.6643610774181,1,-0.46265587185051205,0
PulseOximeter,1273.040124580918,132.75378955668742,393.4457522245608,7.923744042772058,49.654020889715284,476.1563579501026,1,-0.4293402465209228,0
PulseOximeter,1181.9412723923383,51.10312644286472,266.4615992719046,5.332097364717913,49.97313084248254,1155.8061113820486,1,-0.5033708419961654,0
PulseOximeter,1362.9857529176466,103.53101314525917,186.080748806895,1.1090869717950396,167.77831995062235,2208.801525203932,1,-0.4749892092883572,0
PulseOximeter,1498.2279506749067,74.12014575995414,490.3495019640215,8.213834006946907,59.69800479889233,1206.705929571293,1,-0.4038677611247272,0
PulseOximeter,1439.5327178053326,60.97361986775035,319.1837955894772,5.089396011039648,62.715456784482996,1480.6559320110223,1,-0.4350397019330433,0
PulseOximeter,1525.2587726634874,134.4357082739616,139.23303231369783,5.394170233196004,25.8117609001011,292.8508746392119,1,-0.4477984736478123,0
PulseOximeter,1377.8302247167153,123.73570773877996,290.4072517475066,4.382994566311924,66.25772570643869,737.7975102550704,1,-0.4141380560815797,0
PulseOximeter,1314.1744535078856,89.44762785700354,283.77870736239464,8.065148894533511,35.185798932334336,516.9536542328586,1,-0.40331228483623266,0
PulseOximeter,1345.277106976445,118.81347060865421,275.0412496221568,3.2920355984144605,83.54747128330709,945.9743906766942,1,-0.41839229976903525,0
PulseOximeter,1591.667218400642,134.08715794259226,115.37053958493,9.115857929218812,12.656026506856358,150.23200443100848,1,-0.5198902380478799,0
PulseOximeter,1752.7677543393406,115.93539222057827,458.0470962826146,6.730027139504866,68.06021532868789,1028.9675007485926,1,-0.5063620030944987,0
PulseOximeter,1354.4116566909167,111.39335847600617,126.66081622427598,5.6656721975068365,22.355832072320162,271.8205103789657,1,-0.4264731746348344,0
PulseOximeter,1508.0560237361042,101.22219208126745,372.0911116833413,1.3750561054214585,270.60067601335754,4031.5366729202333,-1,-0.5920922547868701,1
PulseOximeter,1344.03106428136,58.479201604580325,386.5293552250729,1.6487590239880603,234.4365365716852,5388.0692470021495,-1,-0.5986698037262163,1
PulseOximeter,1247.5194143333456,84.97032297458495,409.86141247247275,6.95233549963373,58.95305433606671,865.538428522739,1,-0.41453339175947745,0
PulseOximeter,1301.6585176117653,68.51955678674679,169.64373413363376,1.8855608474205758,89.96990702564932,1709.1484723574094,1,-0.4298420199332649,0
PulseOximeter,1612.6877107943828,76.5046428325004,108.37798441236512,1.739545007287846,62.30248942011513,1313.3119157185786,1,-0.4316475230400966,0
PulseOximeter,1545.3943746118252,146.78600348450306,218.1779109909681,7.923008330543203,27.537256290630427,289.9181117651807,1,-0.4909452352327931,0
PulseOximeter,1236.7518689331614,70.56872621955551,148.55456726376258,6.5351167123498,22.731738973082173,398.3849810692705,1,-0.45213836219165976,0
PulseOximeter,1658.1932779370304,127.4633780637788,357.56170141645225,5.772719199242425,61.93990891907169,805.7870595132389,1,-0.46576753063554244,0
PulseOximeter,1348.9614026531733,147.99703293588504,340.7526358545289,6.241803923865218,54.592012182836854,497.5945521807993,1,-0.48594942368874894,0
PulseOximeter,1575.5104226259843,124.8073179429532,424.70791523605504,6.9083074659835235,61.477853631633366,776.0682687018825,1,-0.4377687008436041,0
PulseOximeter,1389.1233051708841,142.80836403260497,189.84624473754076,4.34950321453762,43.6477996160586,424.57019990966825,1,-0.43868466455236166,0
PulseOximeter,1320.747785421066,93.2076882944196,275.76199587778086,6.5164562424507295,42.3177852528741,599.6406753497818,1,-0.40129479931410855,0
PulseOximeter,1409.840980073145,138.69249002092695,358.3243250620824,3.573161103152441,100.28216324921615,1019.3911962918631,1,-0.4388668196649967,0
PulseOximeter,1401.8307193018147,131.5946938968617,444.5479985453744,8.618629048212503,51.57989699505321,549.4620031014284,1,-0.4253030147839658,0
PulseOximeter,1417.645394036558,125.50419287462783,284.215798909656,8.577986976010553,33.1331581295824,374.2589624811107,1,-0.41708199193361906,0
PulseOximeter,1482.4806817817002,122.84906771616131,410.57897859988987,6.905456539129643,59.45718089359503,717.4993160844224,1,-0.4143843798894892,0
PulseOximeter,1467.8386022045484,148.46697395245081,474.95522659884756,1.388563622173105,342.047868037578,3381.702011843533,-1,-0.6692764924768977,1
PulseOximeter,1254.7705507354137,66.48148157294372,152.69150938182477,7.53381918986766,20.26747729586897,382.5280822096599,1,-0.4515465646573668,0
PulseOximeter,1365.5272185254105,100.5852692951829,436.28121120448,7.595213902896255,57.44159635031667,779.8166057667826,1,-0.4006420856894311,0
PulseOximeter,1526.2784460399969,104.22372054918483,336.13907618350913,5.57524492224652,60.29135596218137,882.9218205099108,1,-0.407074383173203,0
PulseOximeter,1523.2717876492823,118.88853020500906,449.3291663443231,6.726622185813232,66.79863294418108,855.8645046915037,1,-0.4232800581507267,0
PulseOximeter,1187.8837899614691,126.1121537043158,164.0286539818292,5.154017269778109,31.825398596091816,299.77186171919453,1,-0.46325694683788465,0
PulseOximeter,1411.6042809040446,130.00709686991596,181.61425385155954,5.995764543720576,30.290424603442098,328.89045344504126,1,-0.4227905755480535,0
PulseOximeter,1319.1170640348284,123.30712960296748,346.3941801040716,2.692222611538745,128.66476145748192,1376.4320272884738,1,-0.4522810066803737,0
PulseOximeter,1614.26314795565,105.42265141320166,102.09184541716509,7.848916840252844,13.007125377299362,199.16899144488534,1,-0.4922474684092854,0
PulseOximeter,1353.8251595526574,53.53113549402391,398.29351309249284,2.8223250414871366,141.12248137182118,3569.047510322319,1,-0.518751513220257,0
PulseOximeter,1424.3024216226218,82.6931616338079,159.55522013297787,3.750437939411934,42.54309035653474,732.759824644912,1,-0.40152797457701156,0
PulseOximeter,1502.225670567852,137.66507618282006,498.53373505089894,4.314785774561635,115.54078489598895,1260.8014892449057,1,-0.4706674545080733,0
PulseOximeter,1690.723286287725,138.61957804650746,337.21773367471366,4.523731283600464,74.54415670028926,909.2044815457122,1,-0.4931693255851948,0
PulseOximeter,1384.1228525752003,91.26218408486238,378.24725859872274,1.0289643724385082,367.59995654886205,5575.184350089707,-1,-0.657590018353251,1
PulseOximeter,1221.780026503171,129.4197331277084,137.19625592925286,6.2938204025355144,21.79856544269714,205.7881840787659,1,-0.47172698780488137,0
PulseOximeter,1623.7718005275105,98.09728898861238,356.930210362091,1.5836823503467152,225.37992564225289,3730.6389548171974,-1,-0.5752069128003364,1
PulseOximeter,1664.0721603015209,106.0660094416171,341.3950666385819,7.08821143503726,48.16378147963462,755.642720198902,1,-0.46959203309954956,0
PulseOximeter,1730.9664360574534,130.49889996807696,207.92828805128573,8.425444691620559,24.678612899575345,327.34261076583175,1,-0.5196446771087104,0
PulseOximeter,1323.7769941814722,55.85509292439792,233.69532747842433,8.064072794003208,28.97981373037831,686.8274440768497,1,-0.4475415721568803,0
PulseOximeter,1441.2534909772335,120.76809347409157,415.44598586896257,5.655421507974484,73.45977400325665,876.6732394538091,1,-0.4124390019102926,0
PulseOximeter,1277.1381136589162,82.81927536093116,273.6077464695501,1.797403867116555,152.22385545908455,2347.4111161640685,1,-0.4799471001898416,0
PulseOximeter,1413.8193411178058,72.06119527112112,339.29011762549555,7.620968028152708,44.52060635500896,873.4811309496711,1,-0.40173807601039635,0
PulseOximeter,1294.0788887891613,113.61773647082327,414.26064723209277,2.065025718310486,200.60798447150708,2284.877042008194,1,-0.50175247843842,0
PulseOximeter,1709.0519416586653,90.99048896962883,435.9209142542469,4.4544965673973955,97.86087106784775,1838.0966363060063,1,-0.51256561234288,0
PulseOximeter,1713.4483460718163,68.44762531336394,244.89417666091535,4.01060159867739,61.061706239202664,1528.5567480959396,1,-0.5015379572456894,0
PulseOximeter,1664.2355924451147,52.61967085320648,109.6767055565421,8.485273393081961,12.925535863813353,408.8040933588085,-1,-0.5379143213309868,1
PulseOximeter,1462.052133762176,79.8725573588773,476.2716980461362,3.3336708297919637,142.86704427739127,2615.1543638641197,1,-0.48136884208608033,0
PulseOximeter,1186.7770229093414,92.96568127389351,449.09210019384074,8.577402101126278,52.35758973394421,668.3841135751261,1,-0.4351377687788032,0
PulseOximeter,1515.7877817645824,95.81868867378927,293.1875488341421,2.201319751743494,133.1871703790106,2106.932252387693,1,-0.4798877102305927,0
PulseOximeter,1364.9383891425837,58.060151375712465,391.1757227895061,5.468150371197698,71.53711881259517,1681.768948277515,1,-0.4433036544845802,0
PulseOximeter,1681.2503859982246,126.55128989911097,163.56326706774144,6.492026345298772,25.19448603072698,334.71203176163107,1,-0.47998346503495226,0
PulseOximeter,1375.838604302931,63.535408227768556,400.5500344116183,6.912596406404256,57.9449472907928,1254.7789906562348,1,-0.41689303341006906,0
PulseOximeter,1427.3003861775792,76.1705683735906,198.79151962879993,9.15629122468933,21.710921458327125,406.82388543769054,1,-0.4258017777294291,0
PulseOximeter,1412.3755407419862,74.95461998495061,208.7798904514524,7.8345843617616735,26.648496054295652,502.1396150391184,1,-0.42138470143868606,0
PulseOximeter,1656.94688174117,56.53661575643852,295.02847746935373,1.3025224016495436,226.50549203278428,6638.309769686391,-1,-0.6601159008258715,1
PulseOximeter,1402.6510259432887,56.26532034553545,462.57498133776437,2.2532083400583565,205.29614288831542,5117.874450480128,-1,-0.5750063130927233,1
PulseOximeter,1092.227584715409,84.73433262588426,459.933338274909,1.1964105709794055,384.42767845021496,4955.282017565172,-1,-0.6989155677476454,1
PulseOximeter,1569.196360974958,116.37896861755891,485.35777368542017,6.041513651156578,80.33711445682226,1083.2258539010109,1,-0.4341883711903474,0
PulseOximeter,1216.4615136292396,123.08209649807299,492.51883619889867,3.30877056199823,148.85251998296826,1471.1592255730154,1,-0.4849271768014413,0
PulseOximeter,1365.4643592962752,115.41746014740745,179.23905310389605,6.087972291144489,29.441502775006978,348.31231489629545,1,-0.41158848401363096,0
PulseOximeter,1508.9870762873713,110.85272726964666,239.8025488347275,2.0268620639914,118.3122192155968,1610.5297015285876,1,-0.44851330021056374,0
PulseOximeter,1436.6014249312427,65.12468287349346,190.12677198049403,3.258699952062682,58.34436271438497,1287.0326720056169,1,-0.4079931036498166,0
PulseOximeter,1470.656863441574,102.33909113743664,145.90754874768697,8.741257240144915,16.69182644317971,239.86874271798098,1,-0.4385629717823745,0
PulseOximeter,1607.3436412165356,122.28143032084837,127.06734476000064,7.370515875067918,17.2399526591929,226.61272614263254,1,-0.4871297746980469,0
PulseOximeter,1322.4230075281914,95.83006415286565,293.8785148520188,2.4919708614694818,117.93015696769527,1627.3969367976026,1,-0.4364617011549226,0
PulseOximeter,1454.159708194328,144.56981470002825,439.99014859226475,7.021201035961975,62.66593796968266,630.3271693388965,1,-0.46208501099880406,0
PulseOximeter,1101.0665790381909,115.09734671509541,318.1727477627622,1.5604579529369706,203.89703366497162,1950.5593807409691,-1,-0.5928003125678035,1
PulseOximeter,1296.1630853791494,101.25026487703317,422.5614468931358,5.133158898372622,82.31996228036141,1053.8253547009876,1,-0.4079677252122904,0
PulseOximeter,1348.6087604388993,66.47063534322959,232.08602594859903,7.810763551197716,29.71361563147185,602.8533071483379,1,-0.4209432409920887,0
PulseOximeter,1326.5172916332062,101.93858595039373,181.95250966028502,8.900470703368367,20.44302101813845,266.0231218724001,1,-0.42136508767027114,0
PulseOximeter,1399.6684021153703,148.49896561408752,408.80499052399614,1.2445067910300383,328.48755303749,3096.1404113050244,-1,-0.665205960519954,1
PulseOximeter,1216.368528346968,56.520459126049204,285.5725507249331,9.182981852754041,31.09801971777695,669.2559307463899,1,-0.4642430469240624,0
PulseOximeter,1415.719488937985,60.54736999566306,362.7120418897176,8.39892844540203,43.18551399116674,1009.7643184415452,1,-0.4207686318323828,0
PulseOximeter,1902.1030904864651,88.04200075075623,410.244740370131,9.680289885107305,42.37938586955689,915.5852905206747,-1,-0.5759396846169493,1
PulseOximeter,1458.0706481688717,78.71379580845755,417.14176761353576,6.198340292930418,67.29894583059779,1246.6254048665521,1,-0.4049898189832815,0
PulseOximeter,1234.377710754072,113.45824175503037,419.16566384635763,4.563734253962094,91.84707972039583,999.257402996749,1,-0.43855125247307414,0
PulseOximeter,1451.523000374778,65.7954822835348,378.359647267521,8.13935215394429,46.485228813225596,1025.5168965752325,1,-0.411557517675473,0
PulseOximeter,1564.6877918370708,81.67616770675266,442.8717027995012,9.155289292891897,48.37331608334252,926.6979493704158,1,-0.4162553250814966,0
PulseOximeter,1393.4741012688717,68.42248392380262,457.59588400314817,6.8886329709246565,66.42767671533026,1352.8483884530924,1,-0.4130415995735342,0
PulseOximeter,1383.5443864605484,65.21042832222729,276.12936734733955,6.5376822256282185,42.23658443735474,896.1172438987164,1,-0.41995818406554497,0
PulseOximeter,1445.2318159463382,146.71266152591704,267.10439171003986,9.85699287132848,27.097959306329575,266.9356041217239,1,-0.47623340933105934,0
PulseOximeter,1645.345486356464,116.79199988036271,353.8685093015766,2.493594057662065,141.91103327915184,1999.2180826530541,1,-0.520116582807475,0
